Name,Model,# Clients,Usage (kB),Usage %
105 E Main St,MR58,5420,515408832,39.52559643
534 E Main St - New,MR58,2827,278077041,21.32513107
401 E Main St,MR58,4588,243301342,18.6582574
425 E Main St,MR58,2044,127216653,9.755971907
"321 E Main St, SE Corner",MR58,1227,60039827,4.604325391
"321 E Main St, SW Corner",MR58,1753,47201923,3.619814104
221 Main,MR58,1079,23298055,1.786677803
700 E Main St,MR58,454,6784217,0.520267032
300 E Main St,MR66,212,2659598,0.203958859