Name,Model,# Clients,Usage (kB),Usage %
401 E Main St,MR58,5073,259460749,26.83973754
105 E Main St,MR58,5347,237076490,24.52421336
534 E Main St - New,MR58,2871,222150009,22.98015387
425 E Main St,MR58,5280,134978796,13.9627881
"321 E Main St, SW Corner",MR58,2132,55021243,5.691634387
"321 E Main St, SE Corner",MR58,1376,35482453,3.670457784
700 E Main St,MR58,695,13383339,1.384430237
300 E Main St,MR66,1290,9150670,0.946584723